<?xml version="1.0" encoding="UTF-8"?>
  <rss version="2.0">
    <channel>
      <title>Feed RSS de Final Fantasy X</title>
      <description>Últimas noticias y novedades sobre Final Fantasy X</description>
      <link>https://tusitio.com/rss</link>
      
      <!-- 1º ítem -->
      <item>
        <title>Próximo evento de lanzamiento</title>
        <description>Descubre los detalles del próximo evento de lanzamiento de Final Fantasy X.</description>
        <pubDate>Viernes, 12 Mar 2024 08:00:00 </pubDate>
        <category>Juegos</category>
        <image>
          <url>https://encrypted-tbn0.gstatic.com/images?q=tbn:ANd9GcQ5MMYLMxemrIUWiLdVND54mExCmJYCj-k1Nw&usqp=CAU</url>
          <title>Imagen del evento</title>
        </image>
      </item>
      
      <!-- 2º ítem -->
      <item>
        <title>Entrevista exclusiva con los desarrolladores</title>
        <description>Lee la entrevista exclusiva con los desarrolladores de Final Fantasy X sobre los secretos del juego.</description>
        <pubDate>Jueves, 11 Mar 2024 10:00:00 </pubDate>
        <category>Entrevistas</category>
        <image>
          <url>https://encrypted-tbn0.gstatic.com/images?q=tbn:ANd9GcRvc9vjfxPaTSkGdcRBoSBCoDmgRHh_snoTJl3Kx0bC40hHVQTGlaHd8nWhatOvuezemjs&usqp=CAU</url>
          <title>Entrevista exclusiva</title>
        </image>
      </item>
      
      <!-- 3º ítem -->
      <item>
        <title>Consejos para avanzar en el juego</title>
        <description>Descubre algunos consejos útiles para avanzar en Final Fantasy X y subir de nivel a tus personajes.</description>
        <pubDate>Miercoles, 10 Mar 2024 12:00:00 </pubDate>
        <category>Consejos</category>
        <image>
          <url></https://encrypted-tbn0.gstatic.com/images?q=tbn:ANd9GcSYrD50oo30EEGofd4jf279yThhROLRiTJMDA&usqp=CAUurl>
          <title>Consejos para el juego</title>
        </image>
      </item>
      
    </channel>
  </rss>
  