<?xml version="1.0" encoding="UTF-8"?>
  <rss version="2.0">
    <channel>
      <title>Feed RSS de Final Fantasy X</title>
      <description>Ultimos productos Final Fantasy X</description>
      
      
      <!-- 1º ítem -->
      <item>
        <title>Figura Coleccionables</title>
        <description>Figura edición limitada TIDUS</description>
        <pubDate>Viernes, 12 Mar 2024 08:00:00 </pubDate>
        <category>Figura</category>
        <image>
          <url>https://www.google.com/url?sa=i&url=https%3A%2F%2Fes.store.square-enix-games.com%2Ffinal-fantasy-x-play-arts-kai-action-figure---tidus&psig=AOvVaw0sBvl_091YhEN30fZqA3jt&ust=1710345035937000&source=images&cd=vfe&opi=89978449&ved=0CBEQjRxqFwoTCLCQq_eJ74QDFQAAAAAdAAAAABAI</url>
          <title>Figura Tidus</title>
        </image>
      </item>
      
      <!-- 2º ítem -->
      <item>
        <title>Figura Coleccionable</title>
        <description></description>
        <pubDate>Jueves, 11 Mar 2024 10:00:00 </pubDate>
        <category>Figura</category>
        <image>
          <url>https://www.kiwiku.com/1681-large_default/figura-final-fantasy-mechanical-arts-circus.jpg</url>
          <title>Figura Barco Volador</title>
        </image>
      </item>
      
      <!-- 3º ítem -->
      <item>
        <title>Suscripción revista ff10</title>
        <description>Descubre como se fue crenado el juego y conoce a sus desarrolladores</description>
        <pubDate>Miercoles, 10 Mar 2024 12:00:00 </pubDate>
        <category>Revista</category>
        <image>
          <url>https://www.google.com/url?sa=i&url=https%3A%2F%2Fwww.amazon.es%2FFinal-Fantasy-X-Ultimania-Omega%2Fdp%2F4887870213&psig=AOvVaw2T790QXOEQVBEs9o1IofJt&ust=1710345874560000&source=images&cd=vfe&opi=89978449&ved=0CBEQjRxqFwoTCNCPvoeN74QDFQAAAAAdAAAAABAD</url>
          <title>Revista FFX</title>
        </image>
      </item>
      
    </channel>
  </rss>
  